{
  "project_info": {
    "project_number": "58609821714",
    "project_id": "hassalt-a6ec2",
    "storage_bucket": "hassalt-a6ec2.appspot.com"
  },
  "client": [
    {
      "client_info": {
        "mobilesdk_app_id": "1:58609821714:android:9554ebd8ee4ffcc3c590cb",
        "android_client_info": {
          "package_name": "com.example.hassalt_app"
        }
      },
      "oauth_client": [
        {
          "client_id": "58609821714-svrdp36cmnvuqdjb29ja3b4dqihprvis.apps.googleusercontent.com",
          "client_type": 3
        }
      ],
      "api_key": [
        {
          "current_key": "AIzaSyCI2z-JQ_SgXy0J7F884CbPiT_sKFKSmas"
        }
      ],
      "services": {
        "appinvite_service": {
          "other_platform_oauth_client": [
            {
              "client_id": "58609821714-svrdp36cmnvuqdjb29ja3b4dqihprvis.apps.googleusercontent.com",
              "client_type": 3
            }
          ]
        }
      }
    }
  ],
  "configuration_version": "1"
}